Cites,Authors,Title,Year,Source,Publisher,ArticleURL,CitesURL,GSRank,QueryDate,Type,DOI,ISSN,CitationURL,Volume,Issue,StartPage,EndPage,ECC,CitesPerYear,CitesPerAuthor,AuthorCount,Age,Abstract,FullTextURL,RelatedURL
94,"A. Holzinger","Towards multi-modal causability with Graph Neural Networks enabling information fusion for explainable AI",2021,"Information Fusion","","https://api.elsevier.com/content/article/eid/1-s2.0-S1566253521000142","https://www.scopus.com/inward/citedby.uri?partnerID=HzOxMe3b&scp=85100313219&origin=inward",1,"2022-07-12 16:32:27","Article","10.1016/j.inffus.2021.01.008","1566-2535","https://api.elsevier.com/content/abstract/scopus_id/85100313219",71,,28,37,94,94.00,94,1,1,"","",""
24,"X. Zhang","Adversarial Representation Learning for Robust Patient-Independent Epileptic Seizure Detection",2020,"IEEE Journal of Biomedical and Health Informatics","","","https://www.scopus.com/inward/citedby.uri?partnerID=HzOxMe3b&scp=85085332386&origin=inward",2,"2022-07-12 16:32:27","Article","10.1109/JBHI.2020.2971610","2168-2194","https://api.elsevier.com/content/abstract/scopus_id/85085332386",24,10,2852,2859,24,12.00,24,1,2,"","",""
20,"P. Papadimitroulas","Artificial intelligence: Deep learning in oncological radiomics and challenges of interpretability and data harmonization",2021,"Physica Medica","","https://api.elsevier.com/content/article/eid/1-s2.0-S1120179721001253","https://www.scopus.com/inward/citedby.uri?partnerID=HzOxMe3b&scp=85102886091&origin=inward",3,"2022-07-12 16:32:27","Article","10.1016/j.ejmp.2021.03.009","1120-1797","https://api.elsevier.com/content/abstract/scopus_id/85102886091",83,,108,121,20,20.00,20,1,1,"","",""
17,"M.I. Alhusseini","Machine Learning to Classify Intracardiac Electrical Patterns During Atrial Fibrillation: Machine Learning of Atrial Fibrillation",2020,"Circulation: Arrhythmia and Electrophysiology","","","https://www.scopus.com/inward/citedby.uri?partnerID=HzOxMe3b&scp=85089712863&origin=inward",4,"2022-07-12 16:32:27","Article","10.1161/CIRCEP.119.008160","1941-3149","https://api.elsevier.com/content/abstract/scopus_id/85089712863",13,8,,,17,8.50,17,1,2,"","",""
13,"A. Kuppa","Black Box Attacks on Explainable Artificial Intelligence(XAI) methods in Cyber Security",2020,"Proceedings of the International Joint Conference on Neural Networks","","","https://www.scopus.com/inward/citedby.uri?partnerID=HzOxMe3b&scp=85093853411&origin=inward",5,"2022-07-12 16:32:27","Conference Paper","10.1109/IJCNN48605.2020.9206780","","https://api.elsevier.com/content/abstract/scopus_id/85093853411",,,,,13,6.50,13,1,2,"","",""
9,"J.R. Rico-Juan","Machine learning with explainability or spatial hedonics tools? An analysis of the asking prices in the housing market in Alicante, Spain",2021,"Expert Systems with Applications","","https://api.elsevier.com/content/article/eid/1-s2.0-S0957417421000312","https://www.scopus.com/inward/citedby.uri?partnerID=HzOxMe3b&scp=85100094398&origin=inward",6,"2022-07-12 16:32:27","Article","10.1016/j.eswa.2021.114590","0957-4174","https://api.elsevier.com/content/abstract/scopus_id/85100094398",171,,,,9,9.00,9,1,1,"","",""
9,"K.A. Thakoor","Robust and Interpretable Convolutional Neural Networks to Detect Glaucoma in Optical Coherence Tomography Images",2021,"IEEE Transactions on Biomedical Engineering","","","https://www.scopus.com/inward/citedby.uri?partnerID=HzOxMe3b&scp=85097940412&origin=inward",7,"2022-07-12 16:32:27","Article","10.1109/TBME.2020.3043215","0018-9294","https://api.elsevier.com/content/abstract/scopus_id/85097940412",68,8,2456,2466,9,9.00,9,1,1,"","",""
7,"A. Drichel","Analyzing the real-world applicability of DGA classifiers",2020,"ACM International Conference Proceeding Series","","","https://www.scopus.com/inward/citedby.uri?partnerID=HzOxMe3b&scp=85123040602&origin=inward",8,"2022-07-12 16:32:27","Conference Paper","10.1145/3407023.3407030","","https://api.elsevier.com/content/abstract/scopus_id/85123040602",,,,,7,3.50,7,1,2,"","",""
7,"A. Holzinger","Information fusion as an integrative cross-cutting enabler to achieve robust, explainable, and trustworthy medical artificial intelligence",2022,"Information Fusion","","https://api.elsevier.com/content/article/eid/1-s2.0-S1566253521002050","https://www.scopus.com/inward/citedby.uri?partnerID=HzOxMe3b&scp=85119285419&origin=inward",9,"2022-07-12 16:32:27","Article","10.1016/j.inffus.2021.10.007","1566-2535","https://api.elsevier.com/content/abstract/scopus_id/85119285419",79,,263,278,7,7.00,7,1,1,"","",""
7,"J. Silva-Rodriguez","Self-Learning for Weakly Supervised Gleason Grading of Local Patterns",2021,"IEEE Journal of Biomedical and Health Informatics","","","https://www.scopus.com/inward/citedby.uri?partnerID=HzOxMe3b&scp=85101744165&origin=inward",10,"2022-07-12 16:32:27","Article","10.1109/JBHI.2021.3061457","2168-2194","https://api.elsevier.com/content/abstract/scopus_id/85101744165",25,8,3094,3104,7,7.00,7,1,1,"","",""
7,"B. Sirmacek","Occupancy prediction using low-cost and low-resolution heat sensors for smart offices",2020,"Sensors (Switzerland)","","","https://www.scopus.com/inward/citedby.uri?partnerID=HzOxMe3b&scp=85091635230&origin=inward",11,"2022-07-12 16:32:27","Article","10.3390/s20195497","1424-8220","https://api.elsevier.com/content/abstract/scopus_id/85091635230",20,19,1,22,7,3.50,7,1,2,"","",""
4,"C. Ntakolia","Identification of most important features based on a fuzzy ensemble technique: Evaluation on joint space narrowing progression in knee osteoarthritis patients",2021,"International Journal of Medical Informatics","","https://api.elsevier.com/content/article/eid/1-s2.0-S1386505621002409","https://www.scopus.com/inward/citedby.uri?partnerID=HzOxMe3b&scp=85117174878&origin=inward",12,"2022-07-12 16:32:27","Article","10.1016/j.ijmedinf.2021.104614","1386-5056","https://api.elsevier.com/content/abstract/scopus_id/85117174878",156,,,,4,4.00,4,1,1,"","",""
4,"C. Kokkotis","Identifying robust risk factors for knee osteoarthritis progression: An evolutionary machine learning approach",2021,"Healthcare (Switzerland)","","","https://www.scopus.com/inward/citedby.uri?partnerID=HzOxMe3b&scp=85104463270&origin=inward",13,"2022-07-12 16:32:27","Article","10.3390/healthcare9030260","2227-9032","https://api.elsevier.com/content/abstract/scopus_id/85104463270",9,3,,,4,4.00,4,1,1,"","",""
3,"Q.V. Dang","Improving the performance of the intrusion detection systems by the machine learning explainability",2021,"International Journal of Web Information Systems","","","https://www.scopus.com/inward/citedby.uri?partnerID=HzOxMe3b&scp=85108626355&origin=inward",14,"2022-07-12 16:32:27","Article","10.1108/IJWIS-03-2021-0022","1744-0084","https://api.elsevier.com/content/abstract/scopus_id/85108626355",17,5,537,555,3,3.00,3,1,1,"","",""
3,"M.H. Namaki","Vamsa: Automated Provenance Tracking in Data Science Scripts",2020,"Proceedings of the ACM SIGKDD International Conference on Knowledge Discovery and Data Mining","","","https://www.scopus.com/inward/citedby.uri?partnerID=HzOxMe3b&scp=85090405758&origin=inward",15,"2022-07-12 16:32:27","Conference Paper","10.1145/3394486.3403205","","https://api.elsevier.com/content/abstract/scopus_id/85090405758",,,1542,1551,3,1.50,3,1,2,"","",""
2,"M.R. Islam","A Systematic Review of Explainable Artificial Intelligence in Terms of Different Application Domains and Tasks",2022,"Applied Sciences (Switzerland)","","","https://www.scopus.com/inward/citedby.uri?partnerID=HzOxMe3b&scp=85123898494&origin=inward",16,"2022-07-12 16:32:27","Article","10.3390/app12031353","2076-3417","https://api.elsevier.com/content/abstract/scopus_id/85123898494",12,3,,,2,2.00,2,1,1,"","",""
2,"L.G. McCoy","Believing in black boxes: machine learning for healthcare does not need explainability to be evidence-based",2022,"Journal of Clinical Epidemiology","","https://api.elsevier.com/content/article/eid/1-s2.0-S0895435621003541","https://www.scopus.com/inward/citedby.uri?partnerID=HzOxMe3b&scp=85121805623&origin=inward",17,"2022-07-12 16:32:27","Article","10.1016/j.jclinepi.2021.11.001","0895-4356","https://api.elsevier.com/content/abstract/scopus_id/85121805623",142,,252,257,2,2.00,2,1,1,"","",""
2,"H. Lindsay","Language Impairment in Alzheimer’s Disease—Robust and Explainable Evidence for AD-Related Deterioration of Spontaneous Speech Through Multilingual Machine Learning",2021,"Frontiers in Aging Neuroscience","","","https://www.scopus.com/inward/citedby.uri?partnerID=HzOxMe3b&scp=85107181975&origin=inward",18,"2022-07-12 16:32:27","Article","10.3389/fnagi.2021.642033","1663-4365","https://api.elsevier.com/content/abstract/scopus_id/85107181975",13,,,,2,2.00,2,1,1,"","",""
2,"C. Kokkotis","A Machine Learning workflow for Diagnosis of Knee Osteoarthritis with a focus on post-hoc explainability",2020,"11th International Conference on Information, Intelligence, Systems and Applications, IISA 2020","","","https://www.scopus.com/inward/citedby.uri?partnerID=HzOxMe3b&scp=85099182826&origin=inward",19,"2022-07-12 16:32:27","Conference Paper","10.1109/IISA50023.2020.9284354","","https://api.elsevier.com/content/abstract/scopus_id/85099182826",,,,,2,1.00,2,1,2,"","",""
2,"Y.S. Garjan","Machine learning interpretability application to optimize well completion in montney",2020,"Society of Petroleum Engineers - SPE Canada Unconventional Resources Conference 2020, URCC 2020","","","https://www.scopus.com/inward/citedby.uri?partnerID=HzOxMe3b&scp=85096743712&origin=inward",20,"2022-07-12 16:32:27","Conference Paper","","","https://api.elsevier.com/content/abstract/scopus_id/85096743712",,,,,2,1.00,2,1,2,"","",""
2,"A. Smart","Why reliabilism is not enough: Epistemic and moral justification in machine learning",2020,"AIES 2020 - Proceedings of the AAAI/ACM Conference on AI, Ethics, and Society","","","https://www.scopus.com/inward/citedby.uri?partnerID=HzOxMe3b&scp=85082172130&origin=inward",21,"2022-07-12 16:32:27","Conference Paper","10.1145/3375627.3375866","","https://api.elsevier.com/content/abstract/scopus_id/85082172130",,,372,377,2,1.00,2,1,2,"","",""
1,"A. Holzinger","Digital Transformation in Smart Farm and Forest Operations Needs Human-Centered AI: Challenges and Future Directions",2022,"Sensors","","","https://www.scopus.com/inward/citedby.uri?partnerID=HzOxMe3b&scp=85128181274&origin=inward",22,"2022-07-12 16:32:27","Article","10.3390/s22083043","1424-8220","https://api.elsevier.com/content/abstract/scopus_id/85128181274",22,8,,,1,1.00,1,1,1,"","",""
1,"A. Holzinger","The Next Frontier: AI We Can Really Trust",2021,"Communications in Computer and Information Science","","","https://www.scopus.com/inward/citedby.uri?partnerID=HzOxMe3b&scp=85126192307&origin=inward",23,"2022-07-12 16:32:27","Conference Paper","10.1007/978-3-030-93736-2_33","1865-0929","https://api.elsevier.com/content/abstract/scopus_id/85126192307",1524,,427,440,1,1.00,1,1,1,"","",""
1,"C. Kokkotis","Explainable machine learning for knee osteoarthritis diagnosis based on a novel fuzzy feature selection methodology",2022,"Physical and Engineering Sciences in Medicine","","","https://www.scopus.com/inward/citedby.uri?partnerID=HzOxMe3b&scp=85123938609&origin=inward",24,"2022-07-12 16:32:27","Article","10.1007/s13246-022-01106-6","2662-4729","https://api.elsevier.com/content/abstract/scopus_id/85123938609",45,1,219,229,1,1.00,1,1,1,"","",""
1,"S.I. Hossain","Exploring convolutional neural networks with transfer learning for diagnosing Lyme disease from skin lesion images",2022,"Computer Methods and Programs in Biomedicine","","https://api.elsevier.com/content/article/eid/1-s2.0-S0169260722000098","https://www.scopus.com/inward/citedby.uri?partnerID=HzOxMe3b&scp=85122813912&origin=inward",25,"2022-07-12 16:32:27","Article","10.1016/j.cmpb.2022.106624","0169-2607","https://api.elsevier.com/content/abstract/scopus_id/85122813912",215,,,,1,1.00,1,1,1,"","",""
1,"S. Dev","Measures and Best Practices for Responsible AI",2021,"Proceedings of the ACM SIGKDD International Conference on Knowledge Discovery and Data Mining","","","https://www.scopus.com/inward/citedby.uri?partnerID=HzOxMe3b&scp=85114953604&origin=inward",26,"2022-07-12 16:32:27","Conference Paper","10.1145/3447548.3469458","","https://api.elsevier.com/content/abstract/scopus_id/85114953604",,,4118,4118,1,1.00,1,1,1,"","",""
1,"E. Lughofer","Prediction and Explanation Models for Hot Metal Temperature, Silicon Concentration, and Cooling Capacity in Ironmaking Blast Furnaces",2021,"Steel Research International","","","https://www.scopus.com/inward/citedby.uri?partnerID=HzOxMe3b&scp=85106210870&origin=inward",27,"2022-07-12 16:32:27","Article","10.1002/srin.202100078","1611-3683","https://api.elsevier.com/content/abstract/scopus_id/85106210870",92,9,,,1,1.00,1,1,1,"","",""
1,"F. Curia","Cervical cancer risk prediction with robust ensemble and explainable black boxes method",2021,"Health and Technology","","","https://www.scopus.com/inward/citedby.uri?partnerID=HzOxMe3b&scp=85105925482&origin=inward",28,"2022-07-12 16:32:27","Article","10.1007/s12553-021-00554-6","2190-7188","https://api.elsevier.com/content/abstract/scopus_id/85105925482",11,4,875,885,1,1.00,1,1,1,"","",""
1,"S. Gore","Local Binary and Ternary Patterns Based Quantitative Texture Analysis for Assessment of IDH Genotype in Gliomas on Multi-modal MRI",2020,"Lecture Notes in Computer Science (including subseries Lecture Notes in Artificial Intelligence and Lecture Notes in Bioinformatics)","","","https://www.scopus.com/inward/citedby.uri?partnerID=HzOxMe3b&scp=85101538510&origin=inward",29,"2022-07-12 16:32:27","Conference Paper","10.1007/978-3-030-66843-3_23","0302-9743","https://api.elsevier.com/content/abstract/scopus_id/85101538510",12449,,240,248,1,0.50,1,1,2,"","",""
1,"P.J.G. Lisboa","Efficient Estimation of General Additive Neural Networks: A Case Study for CTG Data",2020,"Communications in Computer and Information Science","","","https://www.scopus.com/inward/citedby.uri?partnerID=HzOxMe3b&scp=85101387347&origin=inward",30,"2022-07-12 16:32:27","Conference Paper","10.1007/978-3-030-65965-3_29","1865-0929","https://api.elsevier.com/content/abstract/scopus_id/85101387347",1323,,432,446,1,0.50,1,1,2,"","",""
1,"P.K. Mahato","Robust Supply Chains with Gradient Boosted Trees",2020,"2020 IEEE Symposium Series on Computational Intelligence, SSCI 2020","","","https://www.scopus.com/inward/citedby.uri?partnerID=HzOxMe3b&scp=85099697203&origin=inward",31,"2022-07-12 16:32:27","Conference Paper","10.1109/SSCI47803.2020.9308150","","https://api.elsevier.com/content/abstract/scopus_id/85099697203",,,2633,2639,1,0.50,1,1,2,"","",""
1,"C. Schreckenberger","iDropout: Leveraging deep taylor decomposition for the robustness of deep neural networks",2019,"Lecture Notes in Computer Science (including subseries Lecture Notes in Artificial Intelligence and Lecture Notes in Bioinformatics)","","","https://www.scopus.com/inward/citedby.uri?partnerID=HzOxMe3b&scp=85077371361&origin=inward",32,"2022-07-12 16:32:27","Conference Paper","10.1007/978-3-030-33246-4_7","0302-9743","https://api.elsevier.com/content/abstract/scopus_id/85077371361",11877,,113,126,1,0.33,1,1,3,"","",""
0,"A. Balagopalan","The Road to Explainability is Paved with Bias: Measuring the Fairness of Explanations",2022,"ACM International Conference Proceeding Series","","","https://www.scopus.com/inward/citedby.uri?partnerID=HzOxMe3b&scp=85133016678&origin=inward",33,"2022-07-12 16:32:27","Conference Paper","10.1145/3531146.3533179","","https://api.elsevier.com/content/abstract/scopus_id/85133016678",,,1194,1206,0,0.00,0,1,1,"","",""
0,"N.F. Ghalyan","Spectral invariants of ergodic symbolic systems for pattern recognition and anomaly detection",2022,"Philosophical transactions. Series A, Mathematical, physical, and engineering sciences","","","https://www.scopus.com/inward/citedby.uri?partnerID=HzOxMe3b&scp=85132279958&origin=inward",34,"2022-07-12 16:32:27","Article","10.1098/rsta.2021.0196","1471-2962","https://api.elsevier.com/content/abstract/scopus_id/85132279958",380,2229,20210196,20210196,0,0.00,0,1,1,"","",""
0,"T.M. Seinen","Use of unstructured text in prognostic clinical prediction models: a systematic review",2022,"Journal of the American Medical Informatics Association : JAMIA","","","https://www.scopus.com/inward/citedby.uri?partnerID=HzOxMe3b&scp=85132050064&origin=inward",35,"2022-07-12 16:32:27","Article","10.1093/jamia/ocac058","1527-974X","https://api.elsevier.com/content/abstract/scopus_id/85132050064",29,7,1292,1302,0,0.00,0,1,1,"","",""
0,"S.A. Schober","Neural Network Robustness Analysis Using Sensor Simulations for a Graphene-Based Semiconductor Gas Sensor<sup>†</sup>",2022,"Chemosensors","","","https://www.scopus.com/inward/citedby.uri?partnerID=HzOxMe3b&scp=85131301612&origin=inward",36,"2022-07-12 16:32:27","Article","10.3390/chemosensors10050152","2227-9040","https://api.elsevier.com/content/abstract/scopus_id/85131301612",10,5,,,0,0.00,0,1,1,"","",""
0,"A. El Qadi","Feature contribution alignment with expert knowledge for artificial intelligence credit scoring",2022,"Signal, Image and Video Processing","","","https://www.scopus.com/inward/citedby.uri?partnerID=HzOxMe3b&scp=85129518582&origin=inward",37,"2022-07-12 16:32:27","Article","10.1007/s11760-022-02239-7","1863-1703","https://api.elsevier.com/content/abstract/scopus_id/85129518582",,,,,0,0.00,0,1,1,"","",""
0,"S.A. Bargal","Beyond the Visual Analysis of Deep Model Saliency",2022,"Lecture Notes in Computer Science (including subseries Lecture Notes in Artificial Intelligence and Lecture Notes in Bioinformatics)","","","https://www.scopus.com/inward/citedby.uri?partnerID=HzOxMe3b&scp=85128902517&origin=inward",38,"2022-07-12 16:32:27","Conference Paper","10.1007/978-3-031-04083-2_13","0302-9743","https://api.elsevier.com/content/abstract/scopus_id/85128902517",13200,,255,269,0,0.00,0,1,1,"","",""
0,"J. Perez Tobia","AGS: Attribution Guided Sharpening as a Defense Against Adversarial Attacks",2022,"Lecture Notes in Computer Science (including subseries Lecture Notes in Artificial Intelligence and Lecture Notes in Bioinformatics)","","","https://www.scopus.com/inward/citedby.uri?partnerID=HzOxMe3b&scp=85128734617&origin=inward",39,"2022-07-12 16:32:27","Conference Paper","10.1007/978-3-031-01333-1_18","0302-9743","https://api.elsevier.com/content/abstract/scopus_id/85128734617",13205,,225,236,0,0.00,0,1,1,"","",""
0,"T. Dai","Analysing deep reinforcement learning agents trained with domain randomisation",2022,"Neurocomputing","","https://api.elsevier.com/content/article/eid/1-s2.0-S0925231222003708","https://www.scopus.com/inward/citedby.uri?partnerID=HzOxMe3b&scp=85128457623&origin=inward",40,"2022-07-12 16:32:27","Article","10.1016/j.neucom.2022.04.005","0925-2312","https://api.elsevier.com/content/abstract/scopus_id/85128457623",493,,143,165,0,0.00,0,1,1,"","",""
0,"X. Bai","Development and Evaluation of a Machine Learning Prediction Model for Small-for-Gestational-Age Births in Women Exposed to Radiation before Pregnancy",2022,"Journal of Personalized Medicine","","","https://www.scopus.com/inward/citedby.uri?partnerID=HzOxMe3b&scp=85128273022&origin=inward",41,"2022-07-12 16:32:27","Article","10.3390/jpm12040550","2075-4426","https://api.elsevier.com/content/abstract/scopus_id/85128273022",12,4,,,0,0.00,0,1,1,"","",""
0,"A. Occhipinti","A pipeline and comparative study of 12 machine learning models for text classification",2022,"Expert Systems with Applications","","https://api.elsevier.com/content/article/eid/1-s2.0-S0957417422005802","https://www.scopus.com/inward/citedby.uri?partnerID=HzOxMe3b&scp=85128242138&origin=inward",42,"2022-07-12 16:32:27","Article","10.1016/j.eswa.2022.117193","0957-4174","https://api.elsevier.com/content/abstract/scopus_id/85128242138",201,,,,0,0.00,0,1,1,"","",""
0,"J.B. Excoffier","Analysis of COVID-19 inpatients in France during first lockdown of 2020 using explainability methods",2022,"Medical and Biological Engineering and Computing","","","https://www.scopus.com/inward/citedby.uri?partnerID=HzOxMe3b&scp=85128028585&origin=inward",43,"2022-07-12 16:32:27","Article","10.1007/s11517-022-02540-0","0140-0118","https://api.elsevier.com/content/abstract/scopus_id/85128028585",60,6,1647,1658,0,0.00,0,1,1,"","",""
0,"M.F. Pinto","On the clinical acceptance of black-box systems for EEG seizure prediction",2022,"Epilepsia Open","","","https://www.scopus.com/inward/citedby.uri?partnerID=HzOxMe3b&scp=85127973088&origin=inward",44,"2022-07-12 16:32:27","Review","10.1002/epi4.12597","2470-9239","https://api.elsevier.com/content/abstract/scopus_id/85127973088",7,2,247,259,0,0.00,0,1,1,"","",""
0,"G. Symeonidis","MLOps - Definitions, Tools and Challenges",2022,"2022 IEEE 12th Annual Computing and Communication Workshop and Conference, CCWC 2022","","","https://www.scopus.com/inward/citedby.uri?partnerID=HzOxMe3b&scp=85127618362&origin=inward",45,"2022-07-12 16:32:27","Conference Paper","10.1109/CCWC54503.2022.9720902","","https://api.elsevier.com/content/abstract/scopus_id/85127618362",,,453,460,0,0.00,0,1,1,"","",""
0,"H. Suryotrisongko","Robust Botnet DGA Detection: Blending XAI and OSINT for Cyber Threat Intelligence Sharing",2022,"IEEE Access","","","https://www.scopus.com/inward/citedby.uri?partnerID=HzOxMe3b&scp=85127509424&origin=inward",46,"2022-07-12 16:32:27","Article","10.1109/ACCESS.2022.3162588","2169-3536","https://api.elsevier.com/content/abstract/scopus_id/85127509424",10,,34613,34624,0,0.00,0,1,1,"","",""
0,"T. Amador","Early identification of ICU patients at risk of complications: Regularization based on robustness and stability of explanations",2022,"Artificial Intelligence in Medicine","","https://api.elsevier.com/content/article/eid/1-s2.0-S0933365722000483","https://www.scopus.com/inward/citedby.uri?partnerID=HzOxMe3b&scp=85127364734&origin=inward",47,"2022-07-12 16:32:27","Article","10.1016/j.artmed.2022.102283","0933-3657","https://api.elsevier.com/content/abstract/scopus_id/85127364734",128,,,,0,0.00,0,1,1,"","",""
0,"T. Peng","H-ProSeg: Hybrid ultrasound prostate segmentation based on explainability-guided mathematical model",2022,"Computer Methods and Programs in Biomedicine","","https://api.elsevier.com/content/article/eid/1-s2.0-S0169260722001389","https://www.scopus.com/inward/citedby.uri?partnerID=HzOxMe3b&scp=85126887585&origin=inward",48,"2022-07-12 16:32:27","Article","10.1016/j.cmpb.2022.106752","0169-2607","https://api.elsevier.com/content/abstract/scopus_id/85126887585",219,,,,0,0.00,0,1,1,"","",""
0,"H. Valizadegan","ExoMiner: A Highly Accurate and Explainable Deep Learning Classifier That Validates 301 New Exoplanets",2022,"Astrophysical Journal","","","https://www.scopus.com/inward/citedby.uri?partnerID=HzOxMe3b&scp=85125751520&origin=inward",49,"2022-07-12 16:32:27","Article","10.3847/1538-4357/ac4399","0004-637X","https://api.elsevier.com/content/abstract/scopus_id/85125751520",926,2,,,0,0.00,0,1,1,"","",""
0,"D. Gutierrez-Rojas","Performance evaluation of machine learning for fault selection in power transmission lines",2022,"Knowledge and Information Systems","","","https://www.scopus.com/inward/citedby.uri?partnerID=HzOxMe3b&scp=85124837888&origin=inward",50,"2022-07-12 16:32:27","Article","10.1007/s10115-022-01657-w","0219-1377","https://api.elsevier.com/content/abstract/scopus_id/85124837888",64,3,859,883,0,0.00,0,1,1,"","",""
0,"K. Fauvel","XEM: An explainable-by-design ensemble method for multivariate time series classification",2022,"Data Mining and Knowledge Discovery","","","https://www.scopus.com/inward/citedby.uri?partnerID=HzOxMe3b&scp=85124542601&origin=inward",51,"2022-07-12 16:32:27","Article","10.1007/s10618-022-00823-6","1384-5810","https://api.elsevier.com/content/abstract/scopus_id/85124542601",36,3,917,957,0,0.00,0,1,1,"","",""
0,"C.C. Yang","Explainable Artificial Intelligence for Predictive Modeling in Healthcare",2022,"Journal of Healthcare Informatics Research","","","https://www.scopus.com/inward/citedby.uri?partnerID=HzOxMe3b&scp=85124522335&origin=inward",52,"2022-07-12 16:32:27","Article","10.1007/s41666-022-00114-1","2509-498X","https://api.elsevier.com/content/abstract/scopus_id/85124522335",6,2,228,239,0,0.00,0,1,1,"","",""
0,"H. Zogan","Explainable depression detection with multi-aspect features using a hybrid deep learning model on social media",2022,"World Wide Web","","","https://www.scopus.com/inward/citedby.uri?partnerID=HzOxMe3b&scp=85123862011&origin=inward",53,"2022-07-12 16:32:27","Article","10.1007/s11280-021-00992-2","1386-145X","https://api.elsevier.com/content/abstract/scopus_id/85123862011",25,1,281,304,0,0.00,0,1,1,"","",""
0,"H. Hwang","Semi-Supervised Learning based on Auto-generated Lexicon using XAI in Sentiment Analysis",2021,"International Conference Recent Advances in Natural Language Processing, RANLP","","","https://www.scopus.com/inward/citedby.uri?partnerID=HzOxMe3b&scp=85123633203&origin=inward",54,"2022-07-12 16:32:27","Conference Paper","10.26615/978-954-452-072-4_067","1313-8502","https://api.elsevier.com/content/abstract/scopus_id/85123633203",,,593,600,0,0.00,0,1,1,"","",""
0,"A. Ranta","Grammatical framework: An interlingual grammar formalism",2019,"FSMNLP 2019 - 14th International Conference on Finite-State Methods and Natural Language Processing, Proceedings","","","https://www.scopus.com/inward/citedby.uri?partnerID=HzOxMe3b&scp=85119370792&origin=inward",55,"2022-07-12 16:32:27","Conference Paper","","","https://api.elsevier.com/content/abstract/scopus_id/85119370792",,,1,2,0,0.00,0,1,3,"","",""
0,"","WiseML 2021 - Proceedings of the 3rd ACM Workshop on Wireless Security and Machine Learning",2021,"WiseML 2021 - Proceedings of the 3rd ACM Workshop on Wireless Security and Machine Learning","","","https://www.scopus.com/inward/citedby.uri?partnerID=HzOxMe3b&scp=85118787164&origin=inward",56,"2022-07-12 16:32:27","Conference Review","","","https://api.elsevier.com/content/abstract/scopus_id/85118787164",,,,,0,0.00,0,0,1,"","",""
0,"P. Rasouli","Explainable Debugger for Black-box Machine Learning Models",2021,"Proceedings of the International Joint Conference on Neural Networks","","","https://www.scopus.com/inward/citedby.uri?partnerID=HzOxMe3b&scp=85116488458&origin=inward",57,"2022-07-12 16:32:27","Conference Paper","10.1109/IJCNN52387.2021.9533944","","https://api.elsevier.com/content/abstract/scopus_id/85116488458",2021,,,,0,0.00,0,1,1,"","",""
0,"D.C. Elton","Common Pitfalls When Explaining AI and Why Mechanistic Explanation Is a Hard Problem",2022,"Lecture Notes in Networks and Systems","","","https://www.scopus.com/inward/citedby.uri?partnerID=HzOxMe3b&scp=85116461526&origin=inward",58,"2022-07-12 16:32:27","Conference Paper","10.1007/978-981-16-2377-6_38","2367-3370","https://api.elsevier.com/content/abstract/scopus_id/85116461526",235,,401,408,0,0.00,0,1,1,"","",""
0,"V.D. Veksler","Symbolic Deep Networks: A Psychologically Inspired Lightweight and Efficient Approach to Deep Learning",2021,"Topics in Cognitive Science","","","https://www.scopus.com/inward/citedby.uri?partnerID=HzOxMe3b&scp=85116339854&origin=inward",59,"2022-07-12 16:32:27","Article","10.1111/tops.12571","1756-8757","https://api.elsevier.com/content/abstract/scopus_id/85116339854",,,,,0,0.00,0,1,1,"","",""
0,"A. Datta","Machine Learning Explainability and Robustness: Connected at the Hip",2021,"Proceedings of the ACM SIGKDD International Conference on Knowledge Discovery and Data Mining","","","https://www.scopus.com/inward/citedby.uri?partnerID=HzOxMe3b&scp=85114904638&origin=inward",60,"2022-07-12 16:32:27","Conference Paper","10.1145/3447548.3470806","","https://api.elsevier.com/content/abstract/scopus_id/85114904638",,,4035,4036,0,0.00,0,1,1,"","",""
0,"V. Kulkarni","Key technology considerations in developing and deploying machine learning models in clinical radiology practice",2021,"JMIR Medical Informatics","","","https://www.scopus.com/inward/citedby.uri?partnerID=HzOxMe3b&scp=85114805413&origin=inward",61,"2022-07-12 16:32:27","Review","10.2196/28776","2291-9694","https://api.elsevier.com/content/abstract/scopus_id/85114805413",9,9,,,0,0.00,0,1,1,"","",""
0,"J. Yuan","Support Matrix Regression for Learning Power Flow in Distribution Grid with Unobservability",2022,"IEEE Transactions on Power Systems","","","https://www.scopus.com/inward/citedby.uri?partnerID=HzOxMe3b&scp=85113844921&origin=inward",62,"2022-07-12 16:32:27","Article","10.1109/TPWRS.2021.3107551","0885-8950","https://api.elsevier.com/content/abstract/scopus_id/85113844921",37,2,1151,1161,0,0.00,0,1,1,"","",""
0,"M. Staron","Robust machine learning in critical care - Software engineering and medical perspectives",2021,"Proceedings - 2021 IEEE/ACM 1st Workshop on AI Engineering - Software Engineering for AI, WAIN 2021","","","https://www.scopus.com/inward/citedby.uri?partnerID=HzOxMe3b&scp=85113261803&origin=inward",63,"2022-07-12 16:32:27","Conference Paper","10.1109/WAIN52551.2021.00016","","https://api.elsevier.com/content/abstract/scopus_id/85113261803",,,62,69,0,0.00,0,1,1,"","",""
0,"V. Gomes","Towards robust Machine Learning models for grape ripeness assessment",2021,"JCSSE 2021 - 18th International Joint Conference on Computer Science and Software Engineering: Cybernetics for Human Beings","","","https://www.scopus.com/inward/citedby.uri?partnerID=HzOxMe3b&scp=85112353301&origin=inward",64,"2022-07-12 16:32:27","Conference Paper","10.1109/JCSSE53117.2021.9493822","","https://api.elsevier.com/content/abstract/scopus_id/85112353301",,,,,0,0.00,0,1,1,"","",""
0,"A.K. Agogino","Machine learning explainability and transferability for path navigation",2021,"AIAA Scitech 2021 Forum","","","https://www.scopus.com/inward/citedby.uri?partnerID=HzOxMe3b&scp=85099798797&origin=inward",65,"2022-07-12 16:32:27","Conference Paper","","","https://api.elsevier.com/content/abstract/scopus_id/85099798797",,,1,11,0,0.00,0,1,1,"","",""
0,"H. Wei","Skeleton characterization of object topology toward explainability",2020,"Journal of Image and Graphics","","","https://www.scopus.com/inward/citedby.uri?partnerID=HzOxMe3b&scp=85099396420&origin=inward",66,"2022-07-12 16:32:27","Article","10.11834/jig.190661","1006-8961","https://api.elsevier.com/content/abstract/scopus_id/85099396420",25,12,2587,2602,0,0.00,0,1,2,"","",""
0,"J. Goodwin","Fast Training of Deep Neural Networks Robust to Adversarial Perturbations",2020,"2020 IEEE High Performance Extreme Computing Conference, HPEC 2020","","","https://www.scopus.com/inward/citedby.uri?partnerID=HzOxMe3b&scp=85099358866&origin=inward",67,"2022-07-12 16:32:27","Conference Paper","10.1109/HPEC43674.2020.9286256","","https://api.elsevier.com/content/abstract/scopus_id/85099358866",,,,,0,0.00,0,1,2,"","",""
0,"","3rd International Workshop on Interpretability of Machine Intelligence in Medical Image Computing, iMIMIC 2020, the 2nd International Workshop on Medical Image Learning with Less Labels and Imperfect Data, MIL3ID 2020, and the 5th International Workshop on Large-scale Annotation of Biomedical data and Expert Label Synthesis, LABELS 2020, held in conjunction with the 23rd International Conference on Medical Image Computing and Computer Assisted Intervention, MICCAI 2020",2020,"Lecture Notes in Computer Science (including subseries Lecture Notes in Artificial Intelligence and Lecture Notes in Bioinformatics)","","","https://www.scopus.com/inward/citedby.uri?partnerID=HzOxMe3b&scp=85092940732&origin=inward",68,"2022-07-12 16:32:27","Conference Review","","0302-9743","https://api.elsevier.com/content/abstract/scopus_id/85092940732",12446,,,,0,0.00,0,0,2,"","",""
0,"G. Verma","Ranked MSD: A New Feature Ranking and Feature Selection Approach for Biomarker Identification",2019,"Lecture Notes in Computer Science (including subseries Lecture Notes in Artificial Intelligence and Lecture Notes in Bioinformatics)","","","https://www.scopus.com/inward/citedby.uri?partnerID=HzOxMe3b&scp=85072872386&origin=inward",69,"2022-07-12 16:32:27","Conference Paper","10.1007/978-3-030-29726-8_10","0302-9743","https://api.elsevier.com/content/abstract/scopus_id/85072872386",11713,,147,167,0,0.00,0,1,3,"","",""
